"Name","GenreID"
"10Th Century","1"
"11Th Century","2"
"12Th Century","3"
"13Th Century","4"
"14Th Century","5"
"15Th Century","6"
"16Th Century","7"
"17Th Century","8"
"1864 Shenandoah Campaign","9"
"18Th Century","10"
"19Th Century","11"
"1St Grade","12"
"20Th Century","13"
"21St Century","14"
"2Nd Grade","15"
"40K","16"
"Abuse","17"
"Academia","18"
"Academic","19"
"Academics","20"
"Accounting","21"
"Action","22"
"Activism","23"
"Adaptations","24"
"Adolescence","25"
"Adoption","26"
"Adult","27"
"Adult Fiction","28"
"Adventure","29"
"Aeroplanes","30"
"Africa","31"
"African American","32"
"African American Literature","33"
"African American Romance","34"
"African Literature","35"
"Agriculture","36"
"Aircraft","37"
"Airships","38"
"Albanian Literature","39"
"Alchemy","40"
"Alcohol","41"
"Alexandria","42"
"Algebra","43"
"Algeria","44"
"Algorithms","45"
"Aliens","46"
"Alternate History","47"
"Alternate Universe","48"
"Alternative Medicine","49"
"Amateur Sleuth","50"
"Amazon","51"
"American","52"
"American Civil War","53"
"American Classics","54"
"American Fiction","55"
"American History","56"
"American Novels","57"
"American Revolution","58"
"American Revolutionary War","59"
"Americana","60"
"Amish","61"
"Amish Fiction","62"
"Anarchism","63"
"Ancient","64"
"Ancient History","65"
"Angels","66"
"Anglo Saxon","67"
"Angola","68"
"Animal Fiction","69"
"Animals","70"
"Anime","71"
"Anthologies","72"
"Anthropology","73"
"Anthropomorphic","74"
"Anti Racist","75"
"Antietam Campaign","76"
"Antiquities","77"
"Antisemitism","78"
"Apocalyptic","79"
"Apple","80"
"Appomattox Campaign","81"
"Archaeology","82"
"Architecture","83"
"Arithmetic","84"
"Army Of Northern Virginia","85"
"Army Of Tennessee","86"
"Army Of The Potomac","87"
"Art","88"
"Art And Photography","89"
"Art Design","90"
"Art History","91"
"Arthurian","92"
"Artificial Intelligence","93"
"Asexual","94"
"Asia","95"
"Asian Literature","96"
"Aspergers","97"
"Astrology","98"
"Astronomy","99"
"Atheism","100"
"Atlases","101"
"Atmospheric Sciences","102"
"Audiobook","103"
"Australia","104"
"Autobiography","105"
"Aviation","106"
"Aviation History","107"
"Babylon 5","108"
"Back To School","109"
"Bad Science","110"
"Baha I","111"
"Bangladesh","112"
"Banking","113"
"Banks","114"
"Banned Books","115"
"Baseball","116"
"Basketball","117"
"Batman","118"
"Battle Of Britain","119"
"Battle Of Gettysburg","120"
"Bdsm","121"
"Beading","122"
"Beauty And The Beast","123"
"Beer","124"
"Belgian","125"
"Belgium","126"
"Belief","127"
"Benin","128"
"Beverages","129"
"Biblical","130"
"Biblical Fiction","131"
"Bicycles","132"
"Bigfoot","133"
"Biography","134"
"Biography Memoir","135"
"Biology","136"
"Bird Watching","137"
"Birds","138"
"Bisexual","139"
"Bizarro Fiction","140"
"Black Literature","141"
"Boarding School","142"
"Boeing 747","143"
"Bolivia","144"
"Book Club","145"
"Books About Books","146"
"Booze","147"
"Botswana","148"
"Boys Love","149"
"Brain","150"
"Brazil","151"
"Brewing","152"
"British Literature","153"
"Buddhism","154"
"Buffy The Vampire Slayer","155"
"Buisness","156"
"Bulgaria","157"
"Bulgarian Literature","158"
"Burkina Faso","159"
"Burundi","160"
"Buses","161"
"Business","162"
"Butch Femme","163"
"Cabo Verde","164"
"Cairo","165"
"Calculus","166"
"Cameroon","167"
"Campus","168"
"Canada","169"
"Canadian Literature","170"
"Canon","171"
"Canterbury Tales","172"
"Carolingian","173"
"Cars","174"
"Cartography","175"
"Cartoon","176"
"Category Romance","177"
"Catholic","178"
"Cats","179"
"Central Africa","180"
"Chad","181"
"Challenged Books","182"
"Chapter Books","183"
"Chemistry","184"
"Chess","185"
"Chick Lit","186"
"Childrens","187"
"Childrens Classics","188"
"China","189"
"Chinese Literature","190"
"Chivalry","191"
"Choose Your Own Adventure","192"
"Christian","193"
"Christian Contemporary Fiction","194"
"Christian Fantasy","195"
"Christian Fiction","196"
"Christian Fiction Amish","197"
"Christian Historical Fiction","198"
"Christian Living","199"
"Christian Non Fiction","200"
"Christian Romance","201"
"Christianity","202"
"Christmas","203"
"Chupacabra","204"
"Church","205"
"Church History","206"
"Church Ministry","207"
"Cinderella","208"
"Cities","209"
"Civil War","210"
"Civil War Confederacy","211"
"Civil War Eastern Theater","212"
"Civil War History","213"
"Civil War Western Theater","214"
"Class","215"
"Class Issues","216"
"Classic Literature","217"
"Classical Music","218"
"Classical Studies","219"
"Classics","220"
"Clean Romance","221"
"Climate Change","222"
"Climate Change Fiction","223"
"Climbing","224"
"Cocktails","225"
"Coding","226"
"Collections","227"
"College","228"
"Colouring","229"
"Colouring Books","230"
"Combat","231"
"Comedian","232"
"Comedy","233"
"Comic Book","234"
"Comic Fantasy","235"
"Comic Strips","236"
"Comics","237"
"Comics Manga","238"
"Coming Of Age","239"
"Comix","240"
"Communication","241"
"Communism","242"
"Complementary Med...","243"
"Computation","244"
"Computer Reference","245"
"Computer Science","246"
"Computers","247"
"Conservation","248"
"Conspiracy Theories","249"
"Contemporary","250"
"Contemporary Romance","251"
"Cookbooks","252"
"Cooking","253"
"Coptic Language","254"
"Copts","255"
"Counselling","256"
"Counter Culture","257"
"Counting","258"
"Couture","259"
"Cozy Mystery","260"
"Crafts","261"
"Creation Science","262"
"Crime","263"
"Criticism","264"
"Crochet","265"
"Cross Dressing","266"
"Cryptids","267"
"Cryptozoology","268"
"Cthulhu Mythos","269"
"Cuisine","270"
"Culinary","271"
"Cult Classics","272"
"Cults","273"
"Cultural","274"
"Cultural Heritage","275"
"Cultural Studies","276"
"Culture","277"
"Curation","278"
"Currency","279"
"Cyberpunk","280"
"Cycling","281"
"Czech Literature","282"
"Danish","283"
"Dark","284"
"Dark Fantasy","285"
"Dc Comics","286"
"Death","287"
"Deception","288"
"Democratic Republic Of The ...","289"
"Demons","290"
"Denmark","291"
"Design","292"
"Detective","293"
"Diary","294"
"Dictionaries","295"
"Diets","296"
"Dinosaurs","297"
"Disability","298"
"Disability Studies","299"
"Discipleship","300"
"Disease","301"
"Divination","302"
"Divorce","303"
"Djibouti","304"
"Doctor Who","305"
"Doctors","306"
"Dogs","307"
"Dragonlance","308"
"Dragons","309"
"Drama","310"
"Drawing","311"
"Dressmaking","312"
"Drinking","313"
"Dungeons And Dragons","314"
"Dutch Literature","315"
"Dying Earth","316"
"Dystopia","317"
"Earth","318"
"Earth Sciences","319"
"Eastern Africa","320"
"Eastern Philosophy","321"
"Ecclesiology","322"
"Ecology","323"
"Economic Development","324"
"Economics","325"
"Education","326"
"Edwardian","327"
"Egypt","328"
"Egyptian Literature","329"
"Egyptology","330"
"Electrical Engineering","331"
"Elizabethan Period","332"
"Elves","333"
"Emergency Services","334"
"Emotion","335"
"Empiricism","336"
"Engineering","337"
"English Civil War","338"
"English History","339"
"English Literature","340"
"Entrepreneurship","341"
"Environment","342"
"Epic","343"
"Epic Fantasy","344"
"Epic Poetry","345"
"Eritrea","346"
"Erotic Historical Romance","347"
"Erotic Horror","348"
"Erotic Paranormal Romance","349"
"Erotic Romance","350"
"Erotica","351"
"Esoterica","352"
"Esp","353"
"Espionage","354"
"Essays","355"
"Ethiopia","356"
"Ethnic","357"
"Ethnic Studies","358"
"Ethnicity","359"
"Ethnography","360"
"Eugenics","361"
"Eunuch","362"
"European History","363"
"European Literature","364"
"Evangelism","365"
"Evolution","366"
"Fables","367"
"Fae","368"
"Fairies","369"
"Fairy Tale Retellings","370"
"Fairy Tales","371"
"Faith","372"
"Family","373"
"Family Law","374"
"Fan Fiction","375"
"Fandom","376"
"Fantasy","377"
"Fantasy Of Manners","378"
"Fantasy Romance","379"
"Far Right","380"
"Fashion","381"
"Fat","382"
"Fat Acceptance","383"
"Fat Studies","384"
"Favorites","385"
"Female Authors","386"
"Feminism","387"
"Feminist Studies","388"
"Feminist Theory","389"
"Femslash","390"
"Fiction","391"
"Field Guides","392"
"Fighters","393"
"Figure Skating","394"
"Film","395"
"Finance","396"
"Finnish Literature","397"
"Fire Services","398"
"Firefighters","399"
"Fitness","400"
"Flash Fiction","401"
"Folk Tales","402"
"Folklore","403"
"Food","404"
"Food And Drink","405"
"Food And Wine","406"
"Food History","407"
"Food Preservation","408"
"Food Writing","409"
"Foodie","410"
"Football","411"
"Forgotten Realms","412"
"Foster Parents","413"
"Fostering","414"
"Fractured Fairy Tales","415"
"France","416"
"French Literature","417"
"French Revolution","418"
"Frugal","419"
"Functional Analysis","420"
"Fundamentalism","421"
"Futurism","422"
"Futuristic","423"
"Futuristic Romance","424"
"Gabon","425"
"Game Design","426"
"Gamebooks","427"
"Games","428"
"Gaming","429"
"Gaming Fiction","430"
"Gardening","431"
"Gastronomy","432"
"Gay","433"
"Gay Erotica","434"
"Gay Fiction","435"
"Gay For You","436"
"Gay Romance","437"
"Geek","438"
"Gemstones","439"
"Gender","440"
"Gender And Sexuality","441"
"Gender Identity","442"
"Gender Roles","443"
"Gender Studies","444"
"Genderqueer","445"
"Genetics","446"
"Geoffrey Chaucer","447"
"Geography","448"
"Geology","449"
"Geometry","450"
"Georgian","451"
"Georgian Romance","452"
"German History","453"
"German Literature","454"
"Germany","455"
"Gettysburg Campaign","456"
"Ghana","457"
"Ghost Stories","458"
"Ghosts","459"
"Glbt","460"
"Global Warming","461"
"Gnosticism","462"
"Go","463"
"God","464"
"Goddess","465"
"Gods","466"
"Golden Age Mystery","467"
"Google","468"
"Goth","469"
"Gothic","470"
"Gothic Horror","471"
"Gothic Revival","472"
"Gothic Romance","473"
"Government","474"
"Grad School","475"
"Graffiti","476"
"Graphic Literature","477"
"Graphic Novels","478"
"Graphic Novels Comics","479"
"Graphic Novels Comics Manga","480"
"Graphic Novels Manga","481"
"Greece","482"
"Greek Mythology","483"
"Green","484"
"Grimm","485"
"Growth Mindset","486"
"Guidebook","487"
"Guides","488"
"Guinea","489"
"Guinea Bissau","490"
"Hackers","491"
"Halloween","492"
"Hard Boiled","493"
"Hard Science Fiction","494"
"Harem","495"
"Harlequin","496"
"Harlequin Blaze","497"
"Harlequin Desire","498"
"Harlequin Historical","499"
"Harlequin Medical Romance","500"
"Harlequin Nocturne","501"
"Harlequin Presents","502"
"Harlequin Romance","503"
"Harlequin Romantic Suspense","504"
"Harlequin Teen","505"
"Health","506"
"Health Care","507"
"Helicopters","508"
"Herbs","509"
"Heritage Preservation","510"
"Heroic Fantasy","511"
"Hierarchy","512"
"High Fantasy","513"
"High School","514"
"Hinduism","515"
"Hip Hop","516"
"Historical","517"
"Historical Fantasy","518"
"Historical Fiction","519"
"Historical Mystery","520"
"Historical Romance","521"
"History","522"
"History And Politics","523"
"History Of Medicine","524"
"History Of Science","525"
"Hoaxes","526"
"Hockey","527"
"Holiday","528"
"Holland","529"
"Holocaust","530"
"Home Economics","531"
"Homeopathy","532"
"Homeschool","533"
"Horoscopes","534"
"Horror","535"
"Horse Racing","536"
"Horses","537"
"Horticulture","538"
"Hospitals","539"
"How To","540"
"Hqn","541"
"Hugo Awards","542"
"Human Development","543"
"Human Ecology","544"
"Human Resources","545"
"Humanities","546"
"Humor","547"
"Hungarian Literature","548"
"Hungary","549"
"Illness","550"
"India","551"
"Indian Literature","552"
"Indigenous History","553"
"Indonesian Literature","554"
"Informatics","555"
"Information Science","556"
"Inspirational","557"
"Intelligent Design","558"
"International","559"
"International Dev...","560"
"International Development","561"
"International Literature","562"
"International Rel...","563"
"International Relations","564"
"Internet","565"
"Interracial Romance","566"
"Intersex","567"
"Iran","568"
"Ireland","569"
"Irish Literature","570"
"Islam","571"
"Islamism","572"
"Israel","573"
"Italian Literature","574"
"Italy","575"
"Japan","576"
"Japanese History","577"
"Japanese Literature","578"
"Jazz","579"
"Jewellery","580"
"Jewellery Making","581"
"Jewish","582"
"Johannesburg","583"
"Jokes","584"
"Josei","585"
"Journal","586"
"Journaling","587"
"Journalism","588"
"Judaica","589"
"Judaism","590"
"Juvenile","591"
"Kazakhstan","592"
"Kenya","593"
"Kids","594"
"Knitting","595"
"Komik","596"
"Labor","597"
"Landscaping","598"
"Language","599"
"Latin American","600"
"Latin American History","601"
"Latin American Literature","602"
"Law","603"
"Lds","604"
"Lds Fiction","605"
"Lds Non Fiction","606"
"Leadership","607"
"Lebanon","608"
"Led Zeppelin","609"
"Legal Thriller","610"
"Lenin","611"
"Leningrad","612"
"Lesbian","613"
"Lesbian Fiction","614"
"Lesbian Romance","615"
"Lesotho","616"
"Lgbt","617"
"Liberia","618"
"Librarianship","619"
"Library Science","620"
"Libya","621"
"Lie","622"
"Light Novel","623"
"Linguistics","624"
"Lit Crit","625"
"Literary Criticism","626"
"Literary Fiction","627"
"Literature","628"
"Live Action Roleplaying","629"
"Local History","630"
"Logic","631"
"London Underground","632"
"Love","633"
"Love Inspired","634"
"Love Inspired Historical","635"
"Love Inspired Suspense","636"
"Love Story","637"
"Lovecraftian","638"
"Loveswept","639"
"Low Fantasy","640"
"Luxemburg","641"
"M F F","642"
"M F M","643"
"M F Romance","644"
"M M Contemporary","645"
"M M F","646"
"M M Fantasy","647"
"M M Historical Romance","648"
"M M Horror","649"
"M M M","650"
"M M M M","651"
"M M Mystery","652"
"M M Paranormal","653"
"M M Romance","654"
"M M Science Fiction","655"
"M M Shapeshifters","656"
"M M Sports Romance","657"
"M M Supernatural","658"
"M M Urban Fantasy","659"
"M M Young Adult","660"
"Madagascar","661"
"Magic","662"
"Magical Realism","663"
"Magick","664"
"Mail Order Brides","665"
"Malawi","666"
"Mali","667"
"Management","668"
"Managers","669"
"Manga","670"
"Manga Romance","671"
"Manhwa","672"
"Mannerpunk","673"
"Maps","674"
"Marathi","675"
"Maritime","676"
"Marriage","677"
"Martial Arts","678"
"Marvel","679"
"Mary I","680"
"Mary Shelley","681"
"Material Culture","682"
"Materials Science","683"
"Mathematics","684"
"Mauritania","685"
"Mauritius","686"
"Media Tie In","687"
"Medical","688"
"Medicine","689"
"Medieval","690"
"Medieval History","691"
"Medieval Romance","692"
"Medievalism","693"
"Memoir","694"
"Menage","695"
"Mental Health","696"
"Mental Illness","697"
"Mermaids","698"
"Metallurgy","699"
"Metaphysics","700"
"Microhistory","701"
"Middle English Li...","702"
"Middle Grade","703"
"Military","704"
"Military Fiction","705"
"Military History","706"
"Military Romance","707"
"Military Science Fiction","708"
"Mills And Boon","709"
"Mine","710"
"Mineralogy","711"
"Mira","712"
"Mixed Martial Arts","713"
"Mmorpg","714"
"Modern","715"
"Modern Classics","716"
"Money","717"
"Money Management","718"
"Monsters","719"
"Mormonism","720"
"Moroccan","721"
"Morocco","722"
"Motorcycle","723"
"Motorcycling","724"
"Mountaineering","725"
"Mozambique","726"
"Multicultural Literature","727"
"Multiple Partners","728"
"Multiplication","729"
"Murder Mystery","730"
"Museology","731"
"Museums","732"
"Music","733"
"Music Biography","734"
"Musicals","735"
"Musicians","736"
"Muslimah","737"
"Muslims","738"
"Mystery","739"
"Mystery Thriller","740"
"Mysticism","741"
"Mythology","742"
"Nairobi","743"
"Namibia","744"
"Native American History","745"
"Native Americans","746"
"Natural History","747"
"Nature","748"
"Naturopathy","749"
"Naval Historical Fiction","750"
"Naval History","751"
"Nazi Party","752"
"Near Future","753"
"Nerd","754"
"Neuroscience","755"
"New Adult","756"
"New Adult Romance","757"
"New Age","758"
"New Testament","759"
"New Weird","760"
"New York","761"
"Niger","762"
"Nigeria","763"
"Nobel Prize","764"
"Noir","765"
"Nonfiction","766"
"Nordic Noir","767"
"Norman","768"
"North American Hi...","769"
"North American History","770"
"Northern Africa","771"
"Novella","772"
"Novels","773"
"Nsfw","774"
"Number","775"
"Number Theory","776"
"Numeracy","777"
"Numerology","778"
"Numismatics","779"
"Nursery Rhymes","780"
"Nurses","781"
"Nursing","782"
"Nutrition","783"
"Occult","784"
"Occult Detective","785"
"Old English Literature","786"
"Old Testament","787"
"Oral History","788"
"Origami","789"
"Ornithology","790"
"Outdoors","791"
"Overland Campaign","792"
"Own","793"
"Paganism","794"
"Pakistan","795"
"Palaeontology","796"
"Palmistry","797"
"Paramedics","798"
"Paranormal","799"
"Paranormal Mystery","800"
"Paranormal Romance","801"
"Paranormal Urban Fantasy","802"
"Parenting","803"
"Patternmaking","804"
"Peak Oil","805"
"Pediatrics","806"
"Peer Review","807"
"Personal Development","808"
"Personal Finance","809"
"Philosophy","810"
"Photography","811"
"Physical Therapy","812"
"Physics","813"
"Physiotherapy","814"
"Picture Books","815"
"Pilots","816"
"Pirates","817"
"Planetary Romance","818"
"Planetary Science","819"
"Planets","820"
"Plantagenet","821"
"Plants","822"
"Plays","823"
"Plus Size","824"
"Poetry","825"
"Poetry Plays","826"
"Poland","827"
"Police","828"
"Polish Literature","829"
"Political Science","830"
"Politics","831"
"Polyamorous","832"
"Polyamory","833"
"Polygamy","834"
"Pop Culture","835"
"Popular Science","836"
"Pornography","837"
"Portugal","838"
"Portuguese Literature","839"
"Post Apocalyptic","840"
"Post Colonial","841"
"Poverty","842"
"Prayer","843"
"Pre K","844"
"Pre Raphaelite","845"
"Prehistoric","846"
"Prehistory","847"
"Preservation","848"
"Presidents","849"
"Princesses","850"
"Productivity","851"
"Programming","852"
"Programming Languages","853"
"Prostitution","854"
"Pseudoscience","855"
"Psychiatry","856"
"Psychoanalysis","857"
"Psychological Thriller","858"
"Psychology","859"
"Pulp","860"
"Pulp Adventure","861"
"Pulp Noir","862"
"Punk","863"
"Puzzles","864"
"Qualitative Research","865"
"Quantum Mechanics","866"
"Queer","867"
"Queer Lit","868"
"Queer Studies","869"
"Quilting","870"
"Rabbits","871"
"Race","872"
"Racing","873"
"Railway History","874"
"Railways","875"
"Read For College","876"
"Read For School","877"
"Realistic Fiction","878"
"Recreation","879"
"Recruitment","880"
"Reference","881"
"Reformation","882"
"Regency","883"
"Regency Romance","884"
"Relationships","885"
"Religion","886"
"Reportage","887"
"Republic Of The Congo","888"
"Research","889"
"Research Methods","890"
"Retellings","891"
"Reverse Harem","892"
"Road Trip","893"
"Robots","894"
"Rock N Roll","895"
"Role Playing Games","896"
"Roller Derby","897"
"Roman","898"
"Roman Britain","899"
"Romance","900"
"Romania","901"
"Romanian Literature","902"
"Romanovs","903"
"Romantic","904"
"Romantic Suspense","905"
"Romanticism","906"
"Royal Air Force","907"
"Rus","908"
"Russia","909"
"Russian History","910"
"Russian Literature","911"
"Russian Revolution","912"
"Rwanda","913"
"Sao Tome And Principe","914"
"Satanism","915"
"Scandinavian Lite...","916"
"Scandinavian Literature","917"
"School","918"
"School Stories","919"
"Sci Fi Fantasy","920"
"Science","921"
"Science Fiction","922"
"Science Fiction Fantasy","923"
"Science Fiction R...","924"
"Science Fiction Romance","925"
"Science Nature","926"
"Scientific Method","927"
"Scores","928"
"Scotland","929"
"Scripture","930"
"Seinen","931"
"Self Help","932"
"Semiotics","933"
"Senegal","934"
"Sequential Art","935"
"Serbian Literature","936"
"Sewing","937"
"Sex Work","938"
"Sexuality","939"
"Seychelles","940"
"Shapeshifters","941"
"Shinigami","942"
"Shojo","943"
"Shonen","944"
"Short Stories","945"
"Short Story Collection","946"
"Shounen Ai","947"
"Siege Of Petersburg","948"
"Sierra Leone","949"
"Siglo De Oro","950"
"Silhouette","951"
"Singularity","952"
"Skepticism","953"
"Slash Fiction","954"
"Slice Of Life","955"
"Soccer","956"
"Social","957"
"Social Change","958"
"Social Issues","959"
"Social Justice","960"
"Social Media","961"
"Social Movements","962"
"Social Science","963"
"Social Welfare","964"
"Social Work","965"
"Society","966"
"Sociology","967"
"Software","968"
"Soldiers","969"
"Somalia","970"
"South Africa","971"
"South Sudan","972"
"Southern","973"
"Southern Africa","974"
"Southern Gothic","975"
"Soviet History","976"
"Soviet Union","977"
"Space","978"
"Space Opera","979"
"Spain","980"
"Spanish Civil War","981"
"Spanish History","982"
"Spanish Literature","983"
"Speculative Fiction","984"
"Spider Man","985"
"Spiritualism","986"
"Spirituality","987"
"Splatterpunk","988"
"Sports","989"
"Sports And Games","990"
"Sports Romance","991"
"Spy Thriller","992"
"St Petersburg","993"
"Stand Up","994"
"Star Trek","995"
"Star Trek Deep Space Nine","996"
"Star Trek Enterprise","997"
"Star Trek Original Series","998"
"Star Trek The Next Generation","999"
"Star Trek Voyager","1000"
"Star Wars","1001"
"Steampunk","1002"
"Steampunk Romance","1003"
"Stories","1004"
"Storytime","1005"
"Street Art","1006"
"Strippers","1007"
"Stuart","1008"
"Students","1009"
"Subtraction","1010"
"Subways","1011"
"Sudan","1012"
"Superheroes","1013"
"Superman","1014"
"Supernatural","1015"
"Surreal","1016"
"Survival","1017"
"Suspense","1018"
"Sustainability","1019"
"Swashbuckling","1020"
"Swaziland","1021"
"Sweden","1022"
"Swedish Literature","1023"
"Sword And Planet","1024"
"Sword And Sorcery","1025"
"Tanzania","1026"
"Taoism","1027"
"Tarot","1028"
"Tasmania","1029"
"Taxation","1030"
"Tea","1031"
"Teachers","1032"
"Teaching","1033"
"Technical","1034"
"Technology","1035"
"Teen","1036"
"Terrorism","1037"
"Textbooks","1038"
"The Americas","1039"
"The Gambia","1040"
"The United States Of America","1041"
"The World","1042"
"Theatre","1043"
"Thelema","1044"
"Theology","1045"
"Theory","1046"
"Theosophy","1047"
"Threesome","1048"
"Thriller","1049"
"Time Travel","1050"
"Time Travel Romance","1051"
"Togo","1052"
"Traditional Chinese Medicine","1053"
"Traditional Regency","1054"
"Tragedy","1055"
"Trains","1056"
"Transgender","1057"
"Transmississippi","1058"
"Transport","1059"
"Transsexual","1060"
"Travel","1061"
"Travelogue","1062"
"Trivia","1063"
"Trucks","1064"
"True Crime","1065"
"True Story","1066"
"Tudor Period","1067"
"Tunisia","1068"
"Turkish","1069"
"Turkish Literature","1070"
"Tv","1071"
"Uganda","1072"
"Ukraine","1073"
"Ukrainian Literature","1074"
"Underground Railway","1075"
"Unfinished","1076"
"Unicorns","1077"
"United States","1078"
"Urban","1079"
"Urban Fantasy","1080"
"Urban Legends","1081"
"Urban Planning","1082"
"Urban Studies","1083"
"Urbanism","1084"
"Us Presidents","1085"
"Usability","1086"
"Utopia","1087"
"Vaccine Hesitancy","1088"
"Vaccines","1089"
"Vampires","1090"
"Vegan","1091"
"Vegetarian","1092"
"Vegetarianism","1093"
"Vicksburg Campaign","1094"
"Victor Frankenstein","1095"
"Victorian","1096"
"Victorian Romance","1097"
"Video Games","1098"
"Viking Romance","1099"
"Virtual Reality","1100"
"Visual Art","1101"
"Walking","1102"
"War","1103"
"Warcraft","1104"
"Warfare","1105"
"Warriors","1106"
"Web","1107"
"Webcomic","1108"
"Website Design","1109"
"Weird Fiction","1110"
"Weird West","1111"
"Werewolves","1112"
"Western Africa","1113"
"Western Historical Romance","1114"
"Western Romance","1115"
"Westerns","1116"
"Whodunit","1117"
"Wicca","1118"
"Wilderness","1119"
"Wildlife","1120"
"Wine","1121"
"Witchcraft","1122"
"Witches","1123"
"Wizards","1124"
"Wolves","1125"
"Womens","1126"
"Womens Fiction","1127"
"Womens Rights","1128"
"Womens Studies","1129"
"Wonder Woman","1130"
"Woodwork","1131"
"Words","1132"
"World History","1133"
"World Of Darkness","1134"
"World Of Warcraft","1135"
"World War I","1136"
"World War Ii","1137"
"Writing","1138"
"X Men","1139"
"Yaoi","1140"
"Young Adult","1141"
"Young Adult Contemporary","1142"
"Young Adult Fantasy","1143"
"Young Adult Historical Fiction","1144"
"Young Adult Paranormal","1145"
"Young Adult Romance","1146"
"Young Adult Science Fiction","1147"
"Young Readers","1148"
"Yuri","1149"
"Zambia","1150"
"Zen","1151"
"Zimbabwe","1152"
"Zombies","1153"
